date,time,price,change,volume,avg_volume,market_cap,income,sales,p_b,p_e,f_p_e,peg,p_c,p_s,quick_ratio,current_ratio,debt_eq,sma20,sma50,sma200,rsi,roa,roe,roi,gross_margin,oper_margin,profit_margin,shs_outstand,shs_float,short_float,short_ratio,target_price,high_y,low_y,prev_close,eps,sales_q_to_q,eps_q_to_q,insider_own,insider_trans,inst_own,inst_trans,dividend,dividend_percent,employees,recom
2018-10-17,02:41:24 ,47.67,4.31%,"884,268",1.17M,3.66B,65.50M,1.81B,3.70,56.28,18.86,11.26,16.71,2.02,2.30,2.30,2.20,0.50%,1.68%,17.76%,53.22,5.00%,18.90%,2.00%,44.70%,12.90%,9.70%,76.81M,58.15M,23.19%,11.57,54.78,-5.86%,99.04%,45.70,0.85,21.60%,168.70%,0.60%,-14.41%,89.70%,0.13%,-,-,12500,2.00
2018-10-17,21:34:20 ,47.44,-0.48%,"1,112,028",1.17M,3.64B,65.50M,1.81B,3.69,56.01,18.77,11.20,16.63,2.01,2.30,2.30,2.20,0.09%,0.97%,16.98%,51.83,5.00%,18.90%,2.00%,44.70%,12.90%,9.70%,76.81M,58.15M,23.19%,11.57,54.78,-6.32%,98.08%,47.67,0.85,21.60%,168.70%,0.60%,-14.41%,89.70%,0.13%,-,-,12500,2.00
2018-10-18,22:11:57 ,47.26,-0.38%,"1,009,867",1.18M,3.63B,65.50M,1.81B,3.67,55.80,18.70,11.16,16.57,2.00,2.30,2.30,2.20,-0.31%,0.38%,16.31%,50.24,5.00%,18.90%,2.00%,44.70%,12.90%,9.70%,76.81M,58.15M,23.19%,11.45,54.78,-6.67%,97.33%,47.44,0.85,21.60%,168.70%,0.60%,-14.41%,89.70%,0.13%,-,-,12500,2.00
2018-10-19,22:19:45 ,44.33,-6.20%,"1,393,269",1.19M,3.40B,65.50M,1.81B,3.44,52.34,17.54,10.47,15.54,1.88,2.30,2.30,2.20,-6.37%,-6.01%,8.89%,37.87,5.00%,18.90%,2.00%,44.70%,12.90%,9.70%,76.81M,58.15M,23.19%,11.37,54.78,-12.46%,85.09%,47.26,0.85,21.60%,168.70%,0.60%,-14.41%,89.70%,0.13%,-,-,12500,2.00
2018-10-22,19:37:19 ,41.73,-5.87%,"1,346,874",1.20M,3.44B,65.50M,1.81B,3.24,49.27,16.51,9.85,15.70,1.90,2.30,2.30,2.20,-11.50%,-11.56%,2.35%,31.19,5.00%,18.90%,2.00%,44.70%,12.90%,9.70%,82.45M,58.15M,23.19%,11.22,55.00,-17.59%,74.24%,44.33,0.85,21.60%,168.70%,0.60%,-13.56%,89.70%,0.13%,-,-,12500,2.00
2018-10-23,19:38:39 ,40.04,-4.05%,"2,079,038",1.22M,3.30B,65.50M,1.81B,3.11,47.27,15.84,9.45,15.07,1.82,2.30,2.30,2.20,-14.48%,-15.07%,-1.92%,27.23,5.00%,18.90%,2.00%,44.70%,12.90%,9.70%,82.45M,58.15M,23.19%,11.09,55.00,-20.93%,67.18%,41.73,0.85,21.60%,168.70%,0.60%,-13.56%,89.70%,0.13%,-,-,12500,2.00
2018-10-24,19:37:37 ,37.94,-5.24%,"2,655,679",1.24M,3.13B,65.50M,1.81B,2.95,44.79,15.01,8.96,14.28,1.72,2.30,2.30,2.20,-18.29%,-19.42%,-7.16%,24.06,5.00%,18.90%,2.00%,44.70%,12.90%,9.70%,82.45M,58.15M,23.19%,10.89,55.00,-25.08%,58.41%,40.04,0.85,21.60%,168.70%,0.60%,-13.56%,89.70%,0.13%,-,-,12500,2.00
2018-10-25,19:37:58 ,39.37,3.77%,"2,139,175",1.27M,3.25B,65.50M,1.81B,3.06,46.48,15.58,9.30,14.82,1.79,2.30,2.30,2.20,-14.29%,-16.17%,-3.73%,30.85,5.00%,18.90%,2.00%,44.70%,12.90%,9.70%,82.45M,58.15M,23.19%,10.61,55.00,-22.26%,64.38%,37.94,0.85,21.60%,168.70%,0.60%,-13.56%,89.70%,0.13%,-,-,12500,2.00
2018-10-26,19:36:32 ,36.51,-7.26%,"2,068,888",1.30M,3.01B,65.50M,1.81B,2.84,43.11,14.45,8.62,13.74,1.66,2.30,2.30,2.20,-19.71%,-22.05%,-10.80%,25.78,5.00%,18.90%,2.00%,44.70%,12.90%,9.70%,82.45M,58.15M,23.19%,10.39,55.00,-27.90%,52.44%,39.37,0.85,21.60%,168.70%,0.60%,-13.56%,89.70%,0.13%,-,-,12500,2.00
2018-10-29,19:33:26 ,32.82,-10.11%,"3,330,935",1.32M,2.74B,65.50M,1.81B,2.55,38.75,12.99,7.75,12.49,1.51,2.30,2.30,2.20,-26.85%,-29.63%,-19.85%,21.39,5.00%,18.90%,2.00%,44.70%,12.90%,9.70%,83.40M,58.15M,15.63%,6.89,55.00,-35.19%,35.90%,36.51,0.85,21.60%,168.70%,0.60%,-13.43%,89.70%,0.13%,-,-,12500,2.00
2018-10-30,19:34:14 ,34.89,6.31%,"2,590,457",1.36M,2.91B,65.50M,1.81B,2.71,41.19,13.81,8.24,13.28,1.60,2.30,2.30,2.20,-20.84%,-24.76%,-14.80%,29.19,5.00%,18.90%,2.00%,44.70%,12.90%,9.70%,83.40M,58.15M,15.63%,6.68,55.00,-31.10%,39.84%,32.82,0.85,21.60%,168.70%,0.60%,-13.43%,89.70%,0.13%,-,-,12500,2.00
2018-10-31,19:33:56 ,36.50,4.61%,"2,003,013",1.39M,3.04B,65.50M,1.81B,2.84,43.09,14.44,8.62,13.89,1.68,2.30,2.30,2.20,-15.80%,-20.90%,-10.90%,34.88,5.00%,18.90%,2.00%,44.70%,12.90%,9.70%,83.40M,58.15M,15.63%,6.53,55.00,-27.92%,46.15%,34.89,0.85,21.60%,168.70%,0.60%,-13.43%,89.70%,0.13%,-,-,12500,2.00
2018-11-03,01:01:44 ,38.53,0.89%,"1,127,729",1.42M,3.21B,65.50M,1.81B,2.99,45.49,15.25,9.10,14.67,1.77,2.30,2.30,2.20,-8.61%,-15.71%,-6.07%,41.41,5.00%,18.90%,2.00%,44.70%,12.90%,9.70%,83.40M,58.15M,15.63%,6.39,55.00,-23.91%,51.99%,38.19,0.85,21.60%,168.70%,0.60%,-13.43%,89.70%,0.13%,-,-,12500,2.00
2018-11-05,18:36:11 ,37.00,-3.97%,"1,021,294",1.43M,2.84B,65.50M,1.81B,2.87,43.68,14.64,8.74,12.94,1.56,2.30,2.30,2.20,-11.61%,-18.69%,-9.86%,38.50,5.00%,18.90%,2.00%,44.70%,12.90%,9.70%,76.65M,58.15M,15.63%,6.38,55.00,-26.94%,38.84%,38.53,0.85,21.60%,168.70%,0.60%,-14.44%,92.40%,3.20%,-,-,12500,2.00
2018-11-06,18:32:11 ,37.25,0.68%,"649,645",1.42M,2.86B,65.50M,1.81B,2.89,43.98,14.74,8.80,13.03,1.57,2.30,2.30,2.20,-10.20%,-17.68%,-9.29%,39.17,5.00%,18.90%,2.00%,44.70%,12.90%,9.70%,76.65M,58.15M,15.63%,6.40,55.00,-26.44%,33.75%,37.00,0.85,21.60%,168.70%,0.60%,-14.44%,92.40%,3.20%,-,-,12500,2.00
2018-11-07,18:38:07 ,37.80,1.48%,"1,002,657",1.42M,2.90B,65.50M,1.81B,2.94,44.63,14.96,8.93,13.22,1.60,2.30,2.30,2.20,-7.81%,-16.04%,-7.99%,40.79,5.00%,18.90%,2.00%,44.70%,12.90%,9.70%,76.65M,58.15M,15.63%,6.40,55.00,-25.36%,35.73%,37.25,0.85,21.60%,168.70%,0.60%,-14.44%,92.40%,3.20%,-,-,12500,2.00
2018-11-08,18:32:36 ,38.89,2.88%,"2,542,687",1.43M,2.98B,65.50M,1.81B,3.02,45.91,15.39,9.18,13.61,1.64,2.30,2.30,2.20,-4.23%,-13.21%,-5.39%,43.92,5.00%,18.90%,2.00%,44.70%,12.90%,9.70%,76.65M,58.15M,15.63%,6.37,55.00,-23.20%,38.15%,37.80,0.85,21.60%,168.70%,0.60%,-14.44%,92.40%,3.20%,-,-,12500,2.00
2018-11-09,19:15:07 ,36.72,-5.58%,"3,537,808",1.45M,2.81B,65.50M,1.81B,2.85,43.35,14.53,8.67,12.85,1.55,2.30,2.30,2.20,-8.84%,-17.69%,-10.73%,38.48,5.00%,18.90%,2.00%,44.70%,12.90%,9.70%,76.65M,58.15M,15.63%,6.26,55.00,-27.49%,30.44%,38.89,0.85,21.60%,168.70%,0.60%,-14.44%,92.40%,3.20%,-,-,12500,2.00
2018-11-12,21:14:00 ,33.03,-10.05%,"2,018,072",1.50M,2.71B,65.50M,1.81B,2.47,39.00,11.71,7.80,14.93,1.49,1.60,1.60,2.86,-17.07%,-25.58%,-19.74%,31.85,4.90%,18.80%,2.00%,44.70%,14.10%,10.20%,81.91M,58.15M,13.04%,5.07,55.00,-34.77%,17.34%,36.72,0.85,3.00%,26.50%,0.60%,-9.40%,93.20%,3.80%,-,-,12500,2.00
2018-11-13,18:41:22 ,35.00,5.96%,"2,866,552",1.52M,2.87B,65.50M,1.81B,2.62,41.32,12.41,8.26,15.82,1.58,1.60,1.60,2.86,-10.70%,-20.61%,-14.96%,38.34,4.90%,18.80%,2.00%,44.70%,14.10%,10.20%,81.91M,58.15M,13.04%,4.98,55.00,-30.88%,24.33%,33.03,0.85,3.00%,26.50%,0.60%,-7.18%,93.20%,3.80%,-,-,12500,2.00
2018-11-14,18:33:48 ,36.14,3.26%,"1,748,171",1.56M,2.96B,65.50M,1.81B,2.70,42.67,12.81,8.53,16.34,1.63,1.60,1.60,2.86,-6.28%,-17.58%,-12.22%,41.46,4.90%,18.80%,2.00%,44.70%,14.10%,10.20%,81.91M,58.15M,13.04%,4.87,55.00,-28.63%,27.93%,35.00,0.85,3.00%,26.50%,0.60%,-7.18%,93.20%,3.80%,-,-,12500,2.00
2018-11-15,18:32:20 ,37.55,3.90%,"1,357,492",1.58M,3.08B,65.50M,1.81B,2.81,44.33,13.31,8.87,16.97,1.70,1.60,1.60,2.86,-1.18%,-13.92%,-8.81%,45.60,4.90%,18.80%,2.00%,44.70%,14.10%,10.20%,81.91M,58.15M,13.04%,4.81,55.00,-25.85%,32.92%,36.14,0.85,3.00%,26.50%,0.60%,-7.18%,93.20%,3.80%,-,-,12500,2.00
2018-11-16,18:32:31 ,37.36,-0.51%,"1,196,311",1.52M,3.06B,65.50M,1.81B,2.79,44.11,13.24,8.82,16.89,1.69,1.60,1.60,2.86,-0.40%,-14.03%,-9.31%,44.74,4.90%,18.80%,2.00%,44.70%,14.10%,10.20%,81.91M,58.15M,13.04%,5.00,55.00,-26.22%,28.83%,37.55,0.85,3.00%,26.50%,0.60%,-7.18%,93.20%,3.80%,-,-,12500,2.00
2018-11-20,18:32:49 ,33.52,-5.92%,"1,620,155",1.33M,2.59B,75.00M,1.86B,2.51,34.63,9.79,6.93,14.32,1.40,1.60,1.60,2.86,-9.06%,-22.21%,-18.67%,36.71,4.90%,18.80%,2.00%,45.10%,13.80%,10.00%,77.39M,58.19M,13.03%,5.70,55.67,-33.81%,15.59%,35.63,0.97,3.00%,26.50%,0.80%,1.73%,96.00%,7.28%,-,-,12500,2.00
2018-11-21,18:32:26 ,35.83,6.89%,"747,465",1.33M,2.77B,75.00M,1.86B,2.68,37.01,10.47,7.40,15.30,1.49,1.60,1.60,2.86,-1.92%,-16.34%,-13.05%,43.57,4.90%,18.80%,2.00%,45.10%,13.80%,10.00%,77.39M,58.19M,13.03%,5.69,55.67,-29.25%,23.55%,33.52,0.97,3.00%,26.50%,0.80%,1.73%,96.00%,7.28%,-,-,12500,2.00
2018-11-23,18:33:12 ,35.85,0.06%,"258,612",1.32M,2.77B,75.00M,1.86B,2.68,37.04,10.47,7.41,15.31,1.49,1.60,1.60,2.86,-1.58%,-15.82%,-13.03%,43.59,4.90%,18.80%,2.00%,45.10%,13.80%,10.00%,77.39M,58.19M,13.03%,5.76,55.67,-29.21%,23.62%,35.83,0.97,3.00%,26.50%,0.80%,1.73%,96.00%,7.28%,-,-,12500,2.00
2018-11-26,18:36:16 ,39.38,9.85%,"1,860,865",1.31M,3.05B,75.00M,1.86B,2.95,40.68,11.50,8.14,16.81,1.64,1.60,1.60,2.86,8.63%,-6.95%,-4.51%,52.27,4.90%,18.80%,2.00%,45.10%,13.80%,10.00%,77.35M,58.15M,13.04%,5.80,55.67,-22.24%,35.79%,35.85,0.97,3.00%,26.50%,0.70%,3.64%,96.10%,7.36%,-,-,12500,2.00
2018-11-27,18:31:44 ,40.30,2.34%,"986,250",1.32M,3.12B,75.00M,1.86B,3.01,41.63,11.77,8.33,17.20,1.68,1.60,1.60,2.86,10.73%,-4.35%,-2.38%,54.25,4.90%,18.80%,2.00%,45.10%,13.80%,10.00%,77.35M,58.15M,13.04%,5.73,55.67,-20.42%,38.97%,39.38,0.97,3.00%,26.50%,0.70%,3.64%,96.10%,7.36%,-,-,12500,2.00
2018-11-28,18:30:30 ,43.00,6.70%,"1,268,467",1.33M,3.33B,75.00M,1.86B,3.22,44.42,12.56,8.88,18.36,1.79,1.60,1.60,2.86,16.95%,2.43%,4.03%,59.54,4.90%,18.80%,2.00%,45.10%,13.80%,10.00%,77.35M,58.15M,13.04%,5.72,55.67,-15.09%,48.28%,40.30,0.97,3.00%,26.50%,0.70%,3.64%,96.10%,7.36%,-,-,12500,2.00
2018-11-29,18:31:39 ,43.91,2.12%,"1,356,012",1.33M,3.40B,75.00M,1.86B,3.28,45.36,12.83,9.07,18.74,1.83,1.60,1.60,2.86,18.12%,4.86%,6.08%,60.81,4.90%,18.80%,2.00%,45.10%,13.80%,10.00%,77.35M,58.15M,13.04%,5.69,55.67,-13.29%,51.41%,43.00,0.97,3.00%,26.50%,0.70%,3.64%,96.10%,7.36%,-,-,12500,2.00
2018-11-30,18:32:18 ,43.98,0.16%,"1,070,460",1.35M,3.40B,75.00M,1.86B,3.29,45.43,12.85,9.09,18.77,1.83,1.60,1.60,2.86,17.14%,5.20%,6.10%,60.63,4.90%,18.80%,2.00%,45.10%,13.80%,10.00%,77.35M,58.15M,13.04%,5.63,55.67,-13.15%,50.82%,43.91,0.97,3.00%,26.50%,0.70%,3.64%,96.10%,7.36%,-,-,12500,2.00
2018-12-03,18:38:32 ,42.53,-3.30%,"1,688,757",1.35M,3.29B,75.00M,1.86B,3.18,43.94,12.42,8.79,18.14,1.77,1.60,1.60,2.86,12.41%,1.95%,2.46%,56.52,4.90%,18.80%,2.00%,45.10%,13.80%,10.00%,77.27M,58.15M,15.71%,6.75,55.67,-16.02%,45.85%,43.98,0.97,3.00%,26.50%,0.50%,5.17%,96.10%,7.37%,-,-,12500,2.00
2018-12-04,18:33:13 ,40.95,-3.72%,"1,208,417",1.37M,3.16B,75.00M,1.86B,3.06,42.30,11.96,8.46,17.46,1.70,1.60,1.60,2.86,7.67%,-1.57%,-1.45%,53.43,4.90%,18.80%,2.00%,45.10%,13.80%,10.00%,77.27M,58.15M,15.71%,6.67,55.67,-19.14%,40.43%,42.53,0.97,3.00%,26.50%,0.50%,5.37%,96.10%,7.37%,-,-,12500,2.00
2018-12-06,18:32:11 ,40.27,-1.66%,"957,093",1.37M,3.11B,75.00M,1.86B,3.01,41.60,11.76,8.32,17.17,1.68,1.60,1.60,2.86,5.33%,-2.86%,-3.17%,51.43,4.90%,18.80%,2.00%,45.10%,13.80%,10.00%,77.27M,58.15M,15.71%,6.65,55.67,-20.48%,38.10%,40.95,0.97,3.00%,26.50%,0.50%,5.37%,96.10%,7.37%,-,-,12500,2.00
2018-12-07,18:32:16 ,38.37,-4.72%,"752,977",1.37M,2.96B,75.00M,1.86B,2.87,39.64,11.21,7.93,16.36,1.60,1.60,1.60,2.86,-0.03%,-7.11%,-7.82%,45.76,4.90%,18.80%,2.00%,45.10%,13.80%,10.00%,77.27M,58.15M,15.71%,6.67,55.67,-24.23%,31.58%,40.27,0.97,3.00%,26.50%,0.50%,5.37%,96.10%,7.37%,-,-,12500,2.00
2018-12-10,18:32:12 ,38.50,0.34%,"819,836",1.36M,3.13B,75.00M,1.86B,2.88,39.77,11.50,7.95,17.26,1.68,1.60,1.60,2.86,0.23%,-6.36%,-7.58%,46.16,4.90%,18.80%,2.00%,45.10%,13.80%,10.00%,81.22M,58.15M,15.71%,6.70,55.67,-23.97%,32.03%,38.37,0.97,3.00%,26.50%,0.50%,5.10%,96.10%,6.99%,-,-,12500,2.00
2018-12-11,18:31:47 ,37.57,-2.42%,"766,266",1.36M,3.05B,75.00M,1.86B,2.81,38.81,11.22,7.76,16.84,1.64,1.60,1.60,2.86,-2.14%,-8.17%,-9.86%,43.75,4.90%,18.80%,2.00%,45.10%,13.80%,10.00%,81.22M,58.15M,15.71%,6.70,55.67,-25.81%,28.84%,38.50,0.97,3.00%,26.50%,0.50%,5.10%,96.10%,6.99%,-,-,12500,2.00
2018-12-12,18:34:39 ,39.28,4.55%,"837,239",1.36M,3.19B,75.00M,1.86B,2.94,40.58,11.73,8.12,17.61,1.72,1.60,1.60,2.86,2.20%,-3.47%,-5.81%,48.43,4.90%,18.80%,2.00%,45.10%,13.80%,10.00%,81.22M,58.15M,15.71%,6.72,55.67,-22.43%,34.71%,37.57,0.97,3.00%,26.50%,0.50%,5.10%,96.10%,6.99%,-,-,12500,2.00
2018-12-13,18:34:37 ,37.41,-4.76%,"604,563",1.36M,3.04B,75.00M,1.86B,2.80,38.65,11.17,7.73,16.77,1.64,1.60,1.60,2.86,-3.45%,-7.64%,-10.35%,43.79,4.90%,18.80%,2.00%,45.10%,13.80%,10.00%,81.22M,58.15M,15.71%,6.71,55.67,-26.13%,28.29%,39.28,0.97,3.00%,26.50%,0.50%,5.10%,96.10%,6.99%,-,-,12500,2.00
2018-12-14,18:31:53 ,36.44,-2.59%,"1,195,879",1.36M,2.96B,75.00M,1.86B,2.73,37.64,10.88,7.53,16.33,1.59,1.60,1.60,2.86,-6.24%,-9.50%,-12.71%,40.77,4.90%,18.80%,2.00%,45.10%,13.80%,10.00%,81.22M,58.15M,15.71%,6.72,55.67,-28.04%,24.97%,37.41,0.97,3.00%,26.50%,0.50%,5.10%,96.10%,6.99%,-,-,12500,2.00
2018-12-17,18:30:57 ,37.08,1.76%,"1,137,974",1.36M,2.95B,75.00M,1.86B,2.77,38.31,11.08,7.66,16.26,1.59,1.60,1.60,2.86,-4.63%,-7.30%,-11.20%,42.66,4.90%,18.80%,2.00%,45.10%,13.80%,10.00%,79.45M,58.15M,16.57%,7.11,55.67,-26.78%,27.16%,36.44,0.97,3.00%,26.50%,0.50%,5.22%,96.10%,7.15%,-,-,12500,2.00
2018-12-18,18:30:41 ,37.06,-0.05%,"907,167",1.36M,2.94B,75.00M,1.86B,2.77,38.29,11.07,7.66,16.25,1.59,1.60,1.60,2.86,-4.63%,-6.81%,-11.27%,42.50,4.90%,18.80%,2.00%,45.10%,13.80%,10.00%,79.45M,58.15M,16.57%,7.08,55.67,-26.82%,27.09%,37.08,0.97,3.00%,26.50%,0.50%,5.22%,96.10%,7.15%,-,-,12500,2.00
2018-12-19,18:30:45 ,35.09,-5.32%,"1,302,111",1.36M,2.79B,75.00M,1.86B,2.62,36.25,10.48,7.25,15.39,1.50,1.60,1.60,2.86,-9.66%,-11.43%,-16.02%,38.74,4.90%,18.80%,2.00%,45.10%,13.80%,10.00%,79.45M,58.15M,16.57%,7.06,55.67,-30.71%,20.34%,37.06,0.97,3.00%,26.50%,0.50%,5.22%,96.10%,7.15%,-,-,12500,2.00
2018-12-20,18:30:42 ,34.53,-1.60%,"1,742,137",1.37M,2.74B,75.00M,1.86B,2.58,35.67,10.31,7.13,15.14,1.48,1.60,1.60,2.86,-11.04%,-12.42%,-17.37%,38.28,4.90%,18.80%,2.00%,45.10%,13.80%,10.00%,79.45M,58.15M,16.57%,7.01,55.67,-31.81%,18.42%,35.09,0.97,3.00%,26.50%,0.50%,5.22%,96.10%,7.15%,-,-,12500,2.00
2018-12-21,18:30:45 ,33.53,-2.90%,"2,126,079",1.39M,2.66B,75.00M,1.86B,2.51,34.64,10.01,6.93,14.70,1.43,1.60,1.60,2.86,-13.73%,-14.42%,-19.76%,36.59,4.90%,18.80%,2.00%,45.10%,13.80%,10.00%,79.45M,58.15M,16.57%,6.92,55.67,-33.79%,14.99%,34.53,0.97,3.00%,26.50%,0.50%,5.22%,96.10%,7.15%,-,-,12500,2.00
2018-12-24,18:33:12 ,32.30,-3.67%,"710,570",1.40M,2.57B,75.00M,1.86B,2.42,33.37,9.65,6.67,14.16,1.38,1.60,1.60,2.86,-16.65%,-17.05%,-22.68%,34.58,4.90%,18.80%,2.00%,45.10%,13.80%,10.00%,79.45M,58.15M,16.57%,6.86,55.67,-36.22%,10.77%,33.53,0.97,3.00%,26.50%,0.50%,5.22%,96.10%,7.15%,-,-,12500,2.00
2018-12-25,18:32:34 ,32.30,-3.67%,"710,570",1.40M,2.57B,75.00M,1.86B,2.42,33.37,9.65,6.67,14.16,1.38,1.60,1.60,2.86,-16.65%,-17.05%,-22.68%,34.58,4.90%,18.80%,2.00%,45.10%,13.80%,10.00%,79.45M,58.15M,16.57%,6.86,55.67,-36.22%,10.77%,33.53,0.97,3.00%,26.50%,0.50%,5.22%,96.10%,7.15%,-,-,12500,2.00
2018-12-26,18:31:11 ,35.28,9.23%,"781,439",1.41M,2.80B,75.00M,1.86B,2.64,36.45,10.54,7.29,15.47,1.51,1.60,1.60,2.86,-8.54%,-8.78%,-15.49%,44.24,4.90%,18.80%,2.00%,45.10%,13.80%,10.00%,79.45M,58.15M,16.57%,6.86,55.67,-30.33%,20.99%,32.30,0.97,3.00%,26.50%,0.50%,5.22%,96.10%,7.15%,-,-,12500,2.00
2018-12-27,18:31:20 ,35.44,0.45%,"677,154",1.41M,2.85B,75.00M,1.86B,2.65,36.61,10.65,7.32,15.71,1.53,1.60,1.60,2.86,-7.63%,-7.86%,-15.09%,45.70,4.90%,18.80%,2.00%,45.10%,13.80%,10.00%,80.34M,58.15M,16.57%,6.84,55.00,-30.02%,21.54%,35.28,0.97,3.00%,26.50%,0.50%,5.22%,96.10%,7.07%,-,-,12500,2.00
2018-12-28,18:33:00 ,35.74,0.85%,"757,801",1.41M,2.87B,75.00M,1.86B,2.67,36.92,10.74,7.38,15.85,1.55,1.60,1.60,2.86,-6.26%,-6.59%,-14.35%,48.15,4.90%,18.80%,2.00%,45.10%,13.80%,10.00%,80.34M,58.15M,16.57%,6.84,55.00,-29.42%,22.57%,35.44,0.97,3.00%,26.50%,0.50%,5.16%,96.10%,7.07%,-,-,12500,2.00
2018-12-31,18:30:21 ,36.21,1.32%,"793,508",1.41M,2.91B,75.00M,1.86B,2.71,37.41,10.88,7.48,16.05,1.57,1.60,1.60,2.86,-4.11%,-4.76%,-13.21%,48.94,4.90%,18.80%,2.00%,45.10%,13.80%,10.00%,80.34M,58.15M,16.57%,6.84,55.00,-28.50%,24.18%,35.74,0.97,3.00%,26.50%,0.50%,5.16%,96.10%,7.07%,-,-,12500,2.00
2019-01-02,18:29:57 ,37.95,4.81%,"830,481",1.40M,3.05B,75.00M,1.86B,2.84,39.20,11.41,7.84,16.83,1.64,1.60,1.60,2.86,1.53%,0.41%,-9.03%,53.75,4.90%,18.80%,2.00%,45.10%,13.80%,10.00%,80.34M,58.15M,16.57%,6.89,55.00,-25.06%,30.14%,36.21,0.97,3.00%,26.50%,0.50%,5.16%,96.10%,7.07%,-,-,12500,2.00
2019-01-03,18:40:30 ,37.38,-1.50%,"800,382",1.39M,3.00B,75.00M,1.86B,2.80,38.62,11.24,7.72,16.57,1.62,1.60,1.60,2.86,0.82%,-0.61%,-10.41%,50.98,4.90%,18.80%,2.00%,45.10%,13.80%,10.00%,80.34M,58.15M,16.57%,6.95,55.00,-26.18%,28.19%,37.95,0.97,3.00%,26.50%,0.50%,5.16%,96.10%,7.07%,-,-,12500,2.00
2019-01-04,18:37:38 ,39.45,5.54%,"1,046,176",1.38M,3.17B,75.00M,1.86B,2.95,40.75,11.86,8.15,17.49,1.71,1.60,1.60,2.86,7.15%,5.28%,-5.47%,56.82,4.90%,18.80%,2.00%,45.10%,13.80%,10.00%,80.34M,58.15M,16.57%,6.98,55.00,-22.10%,35.29%,37.38,0.97,3.00%,26.50%,0.50%,5.16%,96.10%,7.07%,-,-,12500,2.00
2019-01-07,18:33:32 ,40.80,3.42%,"1,079,345",1.39M,3.04B,75.00M,1.86B,3.05,42.15,12.15,8.43,16.76,1.64,1.60,1.60,2.86,11.04%,9.02%,-2.29%,60.80,4.90%,18.80%,2.00%,45.10%,13.80%,10.00%,74.45M,58.15M,16.40%,6.87,55.00,-19.43%,39.92%,39.45,0.97,3.00%,26.50%,0.50%,5.59%,96.20%,0.08%,-,-,12500,-
2019-01-08,18:31:49 ,42.18,3.38%,"841,747",1.36M,3.14B,75.00M,1.86B,3.15,43.57,12.56,8.71,17.33,1.69,1.60,1.60,2.86,14.71%,12.66%,0.93%,63.79,4.90%,18.80%,2.00%,45.10%,13.80%,10.00%,74.45M,58.15M,16.40%,7.03,55.00,-16.71%,44.65%,40.80,0.97,3.00%,26.50%,0.50%,5.59%,96.20%,0.08%,-,-,12500,-
2019-01-09,18:31:57 ,42.15,-0.07%,"1,575,072",1.34M,3.14B,75.00M,1.86B,3.15,43.54,12.55,8.71,17.32,1.69,1.60,1.60,2.86,14.04%,12.32%,0.75%,63.41,4.90%,18.80%,2.00%,45.10%,13.80%,10.00%,74.45M,58.15M,16.40%,7.12,55.00,-16.77%,44.55%,42.18,0.97,3.00%,26.50%,0.50%,5.59%,96.20%,0.08%,-,-,12500,-
2019-01-10,18:33:08 ,42.68,1.26%,"1,086,079",1.35M,3.18B,75.00M,1.86B,3.19,44.09,12.71,8.82,17.54,1.71,1.60,1.60,2.86,14.91%,13.57%,1.90%,64.26,4.90%,18.80%,2.00%,45.10%,13.80%,10.00%,74.45M,58.15M,16.40%,7.09,55.00,-15.72%,46.36%,42.15,0.97,3.00%,26.50%,0.50%,5.59%,96.20%,0.08%,-,-,12500,-
2019-01-11,18:30:50 ,42.85,0.40%,"927,811",1.34M,3.19B,75.00M,1.86B,3.20,44.27,12.76,8.85,17.61,1.72,1.60,1.60,2.86,14.58%,13.65%,2.20%,65.89,4.90%,18.80%,2.00%,45.10%,13.80%,10.00%,74.45M,58.15M,16.40%,7.10,55.00,-15.38%,46.95%,42.68,0.97,3.00%,26.50%,0.50%,5.59%,96.20%,0.08%,-,-,12500,-
2019-01-14,22:20:42 ,42.06,-1.84%,"597,704",1.34M,3.24B,75.00M,1.86B,3.15,43.45,12.52,8.69,17.89,1.75,1.60,1.60,2.86,11.93%,10.96%,0.19%,64.54,4.90%,18.80%,2.00%,45.10%,13.80%,10.00%,77.09M,58.10M,15.86%,6.85,55.00,-16.94%,44.24%,42.85,0.97,3.00%,26.50%,1.00%,2.62%,96.20%,0.05%,-,-,12500,-
2019-01-15,19:25:45 ,42.04,-0.05%,"883,897",1.34M,3.24B,75.00M,1.86B,3.14,43.43,12.52,8.69,17.89,1.75,1.60,1.60,2.86,11.19%,10.49%,0.03%,63.85,4.90%,18.80%,2.00%,45.10%,13.80%,10.00%,77.09M,58.10M,15.86%,6.86,55.00,-16.98%,44.17%,42.06,0.97,3.00%,26.50%,1.00%,2.62%,96.20%,0.05%,-,-,12500,-
2019-01-16,18:32:01 ,42.69,1.55%,"739,878",1.35M,3.29B,75.00M,1.86B,3.19,44.10,12.71,8.82,18.16,1.77,1.60,1.60,2.86,12.08%,11.87%,1.47%,65.26,4.90%,18.80%,2.00%,45.10%,13.80%,10.00%,77.09M,58.10M,15.86%,6.81,55.00,-15.70%,46.40%,42.04,0.97,3.00%,26.50%,1.00%,2.62%,96.20%,0.05%,-,-,12500,-
2019-01-17,18:32:20 ,42.94,0.59%,"930,519",1.35M,3.31B,75.00M,1.86B,3.21,44.36,12.78,8.87,18.27,1.78,1.60,1.60,2.86,11.91%,12.26%,1.94%,65.35,4.90%,18.80%,2.00%,45.10%,13.80%,10.00%,77.09M,58.10M,15.86%,6.82,55.00,-15.21%,47.26%,42.69,0.97,3.00%,26.50%,1.00%,2.62%,96.20%,0.05%,-,-,12500,-
2019-01-18,18:32:07 ,44.38,3.35%,"1,644,262",1.35M,3.42B,75.00M,1.86B,3.32,45.85,13.21,9.17,18.88,1.84,1.60,1.60,2.86,14.78%,15.76%,5.24%,69.15,4.90%,18.80%,2.00%,45.10%,13.80%,10.00%,77.09M,58.10M,15.86%,6.83,55.00,-12.36%,52.19%,42.94,0.97,3.00%,26.50%,1.00%,2.62%,96.20%,0.05%,-,-,12500,-
2019-01-22,20:31:25 ,43.66,-1.62%,"804,669",1.36M,3.27B,75.00M,1.86B,3.27,45.10,13.52,9.02,18.04,1.76,1.60,1.60,2.86,11.58%,13.45%,3.41%,66.25,4.90%,18.80%,2.00%,45.10%,13.80%,10.00%,74.88M,58.10M,15.86%,6.78,55.00,-13.78%,49.73%,44.38,0.97,3.00%,26.50%,1.00%,2.70%,97.00%,0.91%,-,-,12500,-
2019-01-23,18:32:28 ,43.33,-0.76%,"684,481",1.35M,3.24B,75.00M,1.86B,3.24,44.76,13.41,8.95,17.91,1.75,1.60,1.60,2.86,9.46%,12.21%,2.53%,65.83,4.90%,18.80%,2.00%,45.10%,13.80%,10.00%,74.88M,58.10M,15.86%,6.82,55.00,-14.44%,48.59%,43.66,0.97,3.00%,26.50%,1.00%,2.70%,97.00%,0.91%,-,-,12500,-
2019-01-24,18:31:56 ,43.73,0.92%,"751,077",1.33M,3.27B,75.00M,1.86B,3.27,45.18,13.54,9.04,18.07,1.76,1.60,1.60,2.86,9.12%,12.93%,3.37%,66.08,4.90%,18.80%,2.00%,45.10%,13.80%,10.00%,74.88M,58.10M,15.86%,6.93,55.00,-13.65%,49.97%,43.33,0.97,3.00%,26.50%,1.00%,2.70%,97.00%,0.91%,-,-,12500,-
2019-01-25,18:31:39 ,44.39,1.51%,"624,326",1.30M,3.32B,75.00M,1.86B,3.32,45.86,13.74,9.17,18.34,1.79,1.60,1.60,2.86,9.21%,14.35%,4.81%,67.85,4.90%,18.80%,2.00%,45.10%,13.80%,10.00%,74.88M,58.10M,15.86%,7.10,55.00,-12.34%,52.23%,43.73,0.97,3.00%,26.50%,1.00%,2.70%,97.00%,0.91%,-,-,12500,-
2019-01-28,18:32:30 ,44.56,0.38%,"829,950",1.27M,3.40B,75.00M,1.86B,3.33,46.03,14.55,9.21,18.75,1.83,1.60,1.60,2.86,8.41%,14.33%,5.09%,66.61,4.90%,18.80%,2.00%,45.10%,13.80%,10.00%,76.24M,58.10M,14.96%,6.83,55.00,-12.01%,52.81%,44.39,0.97,3.00%,26.50%,1.00%,2.65%,97.10%,1.02%,-,-,12500,-
2019-01-29,18:40:44 ,44.11,-1.01%,"462,672",1.25M,3.36B,75.00M,1.86B,3.30,45.57,14.40,9.11,18.56,1.81,1.60,1.60,2.86,6.14%,12.51%,3.91%,62.91,4.90%,18.80%,2.00%,45.10%,13.80%,10.00%,76.24M,58.10M,14.96%,6.94,55.00,-12.89%,51.27%,44.56,0.97,3.00%,26.50%,1.00%,2.65%,97.10%,1.02%,-,-,12500,-
2019-01-30,18:32:32 ,44.91,1.81%,"787,140",1.21M,3.42B,75.00M,1.86B,3.36,46.39,14.66,9.28,18.90,1.84,1.60,1.60,2.86,6.99%,14.02%,5.68%,64.16,4.90%,18.80%,2.00%,45.10%,13.80%,10.00%,76.24M,58.10M,14.96%,7.21,55.00,-11.32%,54.01%,44.11,0.97,3.00%,26.50%,1.00%,2.65%,97.10%,1.02%,-,-,12500,-
2019-01-31,18:31:56 ,46.62,3.81%,"1,033,234",1.17M,3.55B,75.00M,1.86B,3.49,48.16,15.22,9.63,19.62,1.91,1.60,1.60,2.86,9.92%,17.84%,9.59%,68.76,4.90%,18.80%,2.00%,45.10%,13.80%,10.00%,76.24M,58.10M,14.96%,7.40,55.00,-7.94%,59.88%,44.91,0.97,3.00%,26.50%,1.00%,2.65%,97.10%,1.02%,-,-,12500,-
2019-02-01,18:32:18 ,46.38,-0.51%,"798,692",1.16M,3.54B,75.00M,1.86B,3.47,47.91,15.14,9.58,19.51,1.90,1.60,1.60,2.86,8.25%,16.70%,8.96%,66.52,4.90%,18.80%,2.00%,45.10%,13.80%,10.00%,76.24M,58.10M,14.96%,7.50,55.00,-8.41%,59.05%,46.62,0.97,3.00%,26.50%,1.00%,2.65%,97.10%,1.02%,-,-,12500,-
2019-02-04,18:35:51 ,46.78,0.86%,"612,834",1.15M,3.57B,75.00M,1.86B,3.50,48.33,15.27,9.67,19.68,1.92,1.60,1.60,2.86,8.05%,17.17%,9.83%,68.36,4.90%,18.80%,2.00%,45.10%,13.80%,10.00%,76.24M,58.10M,14.96%,7.57,55.00,-7.62%,60.43%,46.38,0.97,3.00%,26.50%,1.00%,2.65%,97.10%,1.02%,-,-,12500,-
2019-02-05,18:32:40 ,46.64,-0.30%,"636,236",1.14M,3.56B,75.00M,1.86B,3.49,48.18,15.23,9.64,19.62,1.92,1.60,1.60,2.86,6.82%,16.17%,9.43%,68.09,4.90%,18.80%,2.00%,45.10%,13.80%,10.00%,76.24M,58.10M,14.96%,7.63,55.00,-7.90%,59.95%,46.78,0.97,3.00%,26.50%,1.00%,2.65%,97.10%,1.02%,-,-,12500,-
2019-02-06,18:32:04 ,46.93,0.62%,"405,821",1.13M,3.58B,75.00M,1.86B,3.51,48.48,15.32,9.70,19.75,1.93,1.60,1.60,2.86,6.77%,16.14%,10.04%,69.16,4.90%,18.80%,2.00%,45.10%,13.80%,10.00%,76.24M,58.10M,14.96%,7.67,55.00,-7.33%,60.94%,46.64,0.97,3.00%,26.50%,1.00%,2.65%,97.10%,1.02%,-,-,12500,-
2019-02-07,18:32:23 ,46.46,-1.00%,"643,674",1.13M,3.54B,75.00M,1.86B,3.47,48.00,15.17,9.60,19.55,1.91,1.60,1.60,2.86,5.13%,14.34%,8.85%,66.93,4.90%,18.80%,2.00%,45.10%,13.80%,10.00%,76.24M,58.10M,14.96%,7.70,55.00,-8.25%,59.33%,46.93,0.97,3.00%,26.50%,1.00%,2.65%,97.10%,1.02%,-,-,12500,-
2019-02-08,18:34:05 ,45.84,-1.33%,"549,815",1.12M,3.49B,75.00M,1.86B,3.43,47.36,14.97,9.47,19.29,1.88,1.60,1.60,2.86,3.23%,12.23%,7.33%,61.89,4.90%,18.80%,2.00%,45.10%,13.80%,10.00%,76.24M,58.10M,14.96%,7.73,55.00,-9.48%,57.20%,46.46,0.97,3.00%,26.50%,1.00%,2.10%,97.10%,1.02%,-,-,12500,-
2019-02-11,18:33:13 ,46.56,1.57%,"582,077",1.09M,3.65B,75.00M,1.86B,3.48,48.10,15.25,9.62,20.16,1.97,1.60,1.60,2.86,4.48%,13.64%,8.94%,65.43,4.90%,18.80%,2.00%,45.10%,13.80%,10.00%,78.44M,58.05M,14.98%,7.97,55.00,-8.06%,59.67%,45.84,0.97,3.00%,26.50%,1.10%,1.85%,98.50%,2.42%,-,-,12500,-
2019-02-12,18:32:48 ,47.42,1.85%,"499,227",1.04M,3.72B,75.00M,1.86B,3.55,48.99,15.53,9.80,20.53,2.00,1.60,1.60,2.86,5.97%,15.38%,10.86%,67.54,4.90%,18.80%,2.00%,45.10%,13.80%,10.00%,78.44M,58.05M,14.98%,8.34,55.00,-6.36%,58.86%,46.56,0.97,3.00%,26.50%,1.10%,1.85%,98.50%,2.42%,-,-,12500,-
2019-02-13,18:45:25 ,47.70,0.59%,"561,560",1.02M,3.74B,75.00M,1.86B,3.57,49.28,15.62,9.86,20.65,2.02,1.60,1.60,2.86,5.96%,15.81%,11.43%,70.13,4.90%,18.80%,2.00%,45.10%,13.80%,10.00%,78.44M,58.05M,14.98%,8.55,55.00,-5.81%,59.27%,47.42,0.97,3.00%,26.50%,1.10%,1.85%,98.50%,2.42%,-,-,12500,-
2019-02-14,18:43:46 ,47.52,-0.38%,"1,251,715",979.43K,3.73B,75.00M,1.86B,3.55,49.09,15.56,9.82,20.57,2.01,1.60,1.60,2.86,4.90%,15.16%,10.91%,69.49,4.90%,18.80%,2.00%,45.10%,13.80%,10.00%,78.44M,58.05M,14.98%,8.88,55.00,-6.16%,55.29%,47.70,0.97,3.00%,26.50%,1.10%,1.85%,98.50%,2.42%,-,-,12500,-
2019-02-15,18:36:51 ,47.68,0.34%,"680,495",971.97K,3.74B,75.00M,1.86B,3.57,49.26,15.61,9.85,20.64,2.01,1.60,1.60,2.86,4.69%,15.35%,11.19%,69.68,4.90%,18.80%,2.00%,45.10%,13.80%,10.00%,78.44M,58.05M,14.98%,8.95,55.00,-5.85%,55.82%,47.52,0.97,3.00%,26.50%,1.10%,1.85%,98.50%,2.42%,-,-,12500,-
2019-02-19,18:37:30 ,47.87,0.40%,"422,600",960.87K,3.69B,75.00M,1.86B,3.58,49.45,15.67,9.89,20.38,1.99,1.60,1.60,2.86,4.57%,15.53%,11.54%,70.38,4.90%,18.80%,2.00%,45.10%,13.80%,10.00%,77.13M,58.05M,13.70%,8.27,55.00,-5.47%,56.44%,47.68,0.97,3.00%,26.50%,1.10%,1.89%,99.20%,3.10%,-,-,12500,-
2019-02-20,18:35:03 ,47.44,-0.90%,"429,811",946.67K,3.66B,75.00M,1.86B,3.55,49.01,15.53,9.80,20.19,1.97,1.60,1.60,2.86,3.23%,14.11%,10.44%,68.76,4.90%,18.80%,2.00%,45.10%,13.80%,10.00%,77.13M,58.05M,13.70%,8.40,55.00,-6.32%,55.03%,47.87,0.97,3.00%,26.50%,1.10%,1.89%,99.20%,3.10%,-,-,12500,-
2019-02-21,18:35:17 ,47.35,-0.19%,"488,861",927.11K,3.65B,75.00M,1.86B,3.54,48.92,15.50,9.78,20.16,1.97,1.60,1.60,2.86,2.61%,13.50%,10.14%,68.77,4.90%,18.80%,2.00%,45.10%,13.80%,10.00%,77.13M,58.05M,13.70%,8.58,55.00,-6.50%,54.74%,47.44,0.97,3.00%,26.50%,1.10%,1.89%,99.20%,3.10%,-,-,12500,-
2019-02-22,18:36:07 ,48.66,2.77%,"516,632",922.80K,3.75B,75.00M,1.86B,3.64,50.27,15.93,10.05,20.71,2.02,1.60,1.60,2.86,5.00%,16.14%,13.12%,75.29,4.90%,18.80%,2.00%,45.10%,13.80%,10.00%,77.13M,58.05M,13.70%,8.62,55.00,-3.91%,59.02%,47.35,0.97,3.00%,26.50%,1.10%,1.89%,99.20%,3.10%,-,-,12500,-
2019-02-25,18:33:13 ,48.09,-1.17%,"634,918",916.18K,3.62B,75.00M,1.86B,3.60,49.68,15.75,9.94,19.99,1.95,1.60,1.60,2.86,3.22%,14.23%,11.71%,71.54,4.90%,18.80%,2.00%,45.10%,13.80%,10.00%,75.31M,58.05M,13.70%,8.68,55.00,-5.04%,57.16%,48.66,0.97,3.00%,26.50%,1.10%,1.93%,89.80%,-6.81%,-,-,12500,-
2019-02-26,18:38:19 ,47.46,-1.31%,"875,093",922.35K,3.57B,75.00M,1.86B,3.55,49.03,15.54,9.81,19.73,1.92,1.60,1.60,2.86,1.46%,12.17%,10.18%,64.45,4.90%,18.80%,2.00%,45.10%,13.80%,10.00%,75.31M,58.05M,13.70%,8.62,55.00,-6.28%,51.87%,48.09,0.97,3.00%,26.50%,1.10%,1.93%,89.80%,-6.81%,-,-,12500,-
2019-02-28,18:36:03 ,48.21,1.54%,"2,760,996",903.39K,3.63B,75.00M,1.86B,3.61,49.80,15.79,9.96,20.04,1.96,1.60,1.60,2.86,2.38%,12.97%,11.79%,68.27,4.90%,18.80%,2.00%,45.10%,13.80%,10.00%,75.31M,58.05M,13.70%,8.80,55.00,-4.80%,54.27%,47.48,0.97,3.00%,26.50%,1.10%,1.93%,89.80%,-6.81%,-,-,12500,-
2019-03-01,18:45:46 ,47.96,-0.52%,"792,795",927.89K,3.61B,75.00M,1.86B,3.59,49.55,15.70,9.91,19.93,1.95,1.60,1.60,2.86,1.49%,11.76%,11.14%,65.94,4.90%,18.80%,2.00%,45.10%,13.80%,10.00%,75.31M,58.05M,13.70%,8.57,55.00,-5.91%,53.47%,48.21,0.97,3.00%,26.50%,1.10%,1.93%,89.80%,-6.81%,-,-,12500,-
2019-03-04,18:46:09 ,46.77,-2.48%,"711,599",916.14K,3.56B,75.00M,1.86B,3.50,48.32,16.49,9.66,19.67,1.92,1.60,1.60,2.86,-1.17%,8.44%,8.32%,55.10,7.60%,29.30%,5.50%,45.10%,12.50%,15.50%,76.22M,58.05M,13.58%,8.60,56.22,-8.24%,49.66%,47.96,0.97,3.00%,26.50%,1.10%,1.91%,89.80%,-6.72%,-,-,12500,-
2019-03-05,18:40:42 ,45.96,-1.73%,"776,332",894.37K,3.50B,75.00M,1.86B,3.44,47.48,16.21,9.50,19.33,1.89,1.60,1.60,2.86,-2.92%,6.09%,6.40%,50.37,7.60%,29.30%,5.50%,45.10%,12.50%,15.50%,76.22M,58.05M,13.58%,8.81,56.22,-9.83%,47.07%,46.77,0.97,3.00%,26.50%,1.10%,1.91%,89.80%,-6.72%,-,-,12500,-
2019-03-06,18:42:24 ,45.00,-2.09%,"609,212",892.41K,3.43B,75.00M,1.86B,3.37,46.49,15.87,9.30,18.93,1.85,1.60,1.60,2.86,-4.86%,3.35%,4.15%,43.22,7.60%,29.30%,5.50%,45.10%,12.50%,15.50%,76.22M,58.05M,13.58%,8.83,56.22,-11.71%,44.00%,45.96,0.97,3.00%,26.50%,1.10%,1.78%,89.80%,-6.72%,-,-,12500,-
2019-03-07,18:42:57 ,44.52,-1.07%,"725,546",886.62K,3.39B,75.00M,1.86B,3.33,45.99,15.70,9.20,18.73,1.83,1.60,1.60,2.86,-5.71%,1.76%,3.03%,39.74,7.60%,29.30%,5.50%,45.10%,12.50%,15.50%,76.22M,58.05M,13.58%,8.89,56.22,-12.65%,42.46%,45.00,0.97,3.00%,26.50%,1.10%,1.78%,89.80%,-6.72%,-,-,12500,-
2019-03-08,18:41:37 ,45.78,2.83%,"825,101",886.39K,3.49B,75.00M,1.86B,3.42,47.29,16.14,9.46,19.26,1.88,1.60,1.60,2.86,-2.80%,4.12%,5.94%,47.51,7.60%,29.30%,5.50%,45.10%,12.50%,15.50%,76.22M,58.05M,13.58%,8.89,56.22,-10.18%,46.50%,44.52,0.97,3.00%,26.50%,1.10%,1.66%,89.80%,-6.72%,-,-,12500,-
2019-03-11,18:38:32 ,47.71,4.22%,"762,379",885.38K,3.59B,95.20M,2.06B,3.57,39.20,15.95,7.84,19.83,1.75,1.60,1.60,2.86,1.37%,7.84%,10.38%,57.75,7.60%,29.30%,8.60%,46.40%,11.30%,14.00%,75.30M,58.10M,13.57%,8.90,56.67,-6.40%,52.67%,45.78,1.22,3.00%,26.50%,1.00%,1.85%,90.20%,-6.33%,-,-,12500,-
2019-03-12,18:36:44 ,46.70,-2.12%,"493,541",886.41K,3.52B,95.20M,2.06B,3.49,38.37,15.61,7.67,19.41,1.71,1.60,1.60,2.86,-0.97%,4.97%,7.99%,51.88,7.60%,29.30%,8.60%,46.40%,11.30%,14.00%,75.30M,58.10M,13.57%,8.89,56.67,-8.38%,49.44%,47.71,1.22,3.00%,26.50%,1.00%,1.85%,90.20%,-6.33%,-,-,12500,-
2019-03-13,18:37:16 ,46.44,-0.56%,"634,011",880.68K,3.50B,95.20M,2.06B,3.47,38.16,15.53,7.63,19.30,1.70,1.60,1.60,2.86,-1.54%,3.86%,7.34%,50.58,7.60%,29.30%,8.60%,46.40%,11.30%,14.00%,75.30M,58.10M,13.57%,8.95,56.67,-8.89%,48.61%,46.70,1.22,3.00%,26.50%,1.00%,1.85%,90.20%,-6.33%,-,-,12500,-
2019-03-14,18:40:45 ,46.39,-0.11%,"593,764",880.85K,3.49B,95.20M,2.06B,3.47,38.12,15.51,7.62,19.28,1.70,1.60,1.60,2.86,-1.54%,3.26%,7.20%,51.07,7.60%,29.30%,8.60%,46.40%,11.30%,14.00%,75.30M,58.10M,13.57%,8.95,56.67,-8.99%,48.45%,46.44,1.22,3.00%,26.50%,1.00%,1.85%,90.20%,-6.33%,-,-,12500,-
2019-03-15,18:44:14 ,46.50,0.24%,"1,000,531",870.84K,3.50B,95.20M,2.06B,3.48,38.21,15.55,7.64,19.32,1.70,1.60,1.60,2.86,-1.17%,3.03%,7.43%,51.95,7.60%,29.30%,8.60%,46.40%,11.30%,14.00%,75.30M,58.10M,13.57%,9.05,56.67,-8.77%,48.80%,46.39,1.22,3.00%,26.50%,1.00%,1.85%,90.20%,-6.33%,-,-,12500,-
2019-03-18,18:32:34 ,45.60,-1.94%,"1,762,779",872.92K,3.52B,95.20M,2.06B,3.41,37.47,15.72,7.49,19.44,1.71,1.60,1.60,2.86,-2.98%,0.66%,5.33%,46.53,7.60%,29.30%,8.60%,46.40%,11.30%,14.00%,77.25M,58.10M,12.13%,8.07,56.67,-10.54%,45.92%,46.50,1.22,3.00%,26.50%,1.00%,1.81%,90.20%,-6.19%,-,-,12500,-
2019-03-19,18:58:13 ,46.16,1.23%,"736,242",882.71K,3.57B,95.20M,2.06B,3.45,37.93,15.92,7.59,19.68,1.73,1.60,1.60,2.86,-1.57%,1.53%,6.62%,49.92,7.60%,29.30%,8.60%,46.40%,11.30%,14.00%,77.25M,58.10M,12.13%,7.98,56.67,-9.44%,47.71%,45.60,1.22,3.00%,26.50%,1.00%,1.81%,90.20%,-6.19%,-,-,12500,-
2019-03-20,18:51:42 ,48.19,4.40%,"1,363,345",873.50K,3.72B,95.20M,2.06B,3.60,39.60,16.62,7.92,20.54,1.81,1.60,1.60,2.86,2.95%,5.68%,11.30%,59.06,7.60%,29.30%,8.60%,46.40%,11.30%,14.00%,77.25M,58.10M,12.13%,8.07,56.67,-5.45%,54.21%,46.16,1.22,3.00%,26.50%,1.00%,1.81%,90.20%,-6.19%,-,-,12500,-
2019-03-21,18:34:40 ,50.07,3.90%,"1,074,401",866.28K,3.87B,95.20M,2.06B,3.74,41.14,17.27,8.23,21.35,1.88,1.60,1.60,2.86,6.88%,9.45%,15.60%,66.34,7.60%,29.30%,8.60%,46.40%,11.30%,14.00%,77.25M,58.10M,12.13%,8.13,56.67,-1.77%,60.22%,48.19,1.22,3.00%,26.50%,1.00%,1.81%,90.20%,-6.19%,-,-,12500,-
2019-03-22,18:34:03 ,49.66,-0.82%,"1,010,544",848.02K,3.84B,95.20M,2.06B,3.71,40.81,17.12,8.16,21.17,1.87,1.60,1.60,2.86,5.70%,8.18%,14.59%,64.15,7.60%,29.30%,8.60%,46.40%,11.30%,14.00%,77.25M,58.10M,12.13%,8.31,56.67,-2.57%,58.91%,50.07,1.22,3.00%,26.50%,1.00%,1.81%,90.20%,-6.19%,-,-,12500,-
2019-03-25,18:37:40 ,49.74,0.16%,"641,397",851.04K,3.88B,95.20M,2.06B,3.72,40.87,17.11,8.17,21.43,1.89,1.60,1.60,2.86,5.76%,8.00%,14.70%,64.33,7.60%,29.30%,8.60%,46.40%,11.30%,14.00%,78.07M,58.10M,12.13%,8.28,56.67,-2.41%,59.17%,49.66,1.22,3.00%,26.50%,1.00%,1.79%,90.20%,-6.12%,-,-,12500,-
2019-03-26,18:34:02 ,49.15,-1.19%,"659,104",849.89K,3.84B,95.20M,2.06B,3.68,40.39,16.91,8.08,21.18,1.87,1.60,1.60,2.86,4.32%,6.39%,13.29%,60.36,7.60%,29.30%,8.60%,46.40%,11.30%,14.00%,78.07M,58.10M,12.13%,8.29,56.67,-3.57%,57.28%,49.74,1.22,3.00%,26.50%,1.00%,1.79%,90.20%,-6.12%,-,-,12500,-
2019-03-27,18:27:59 ,48.00,-2.34%,"704,027",847.89K,3.75B,95.20M,2.06B,3.59,39.44,16.51,7.89,20.68,1.82,1.60,1.60,2.86,1.70%,3.62%,10.57%,53.81,7.60%,29.30%,8.60%,46.40%,11.30%,14.00%,78.07M,58.10M,12.13%,8.31,56.67,-5.97%,53.60%,49.15,1.22,3.00%,26.50%,1.00%,1.79%,90.20%,-6.12%,-,-,12500,-
2019-03-28,18:27:28 ,46.96,-2.17%,"1,221,691",848.18K,3.67B,95.20M,2.06B,3.51,38.59,16.15,7.72,20.23,1.78,1.60,1.60,2.86,-0.56%,1.11%,8.12%,49.10,7.60%,29.30%,8.60%,46.40%,11.30%,14.00%,78.07M,58.10M,12.13%,8.31,56.67,-8.01%,50.27%,48.00,1.22,3.00%,26.50%,1.00%,1.79%,90.20%,-6.12%,-,-,12500,-
2019-03-29,18:31:50 ,46.69,-0.57%,"1,958,952",855.46K,3.65B,95.20M,2.06B,3.49,38.36,16.06,7.67,20.12,1.77,1.60,1.60,2.86,-1.00%,0.32%,7.45%,47.47,7.60%,29.30%,8.60%,46.40%,11.30%,14.00%,78.07M,58.10M,12.13%,8.24,56.67,-8.54%,49.41%,46.96,1.22,3.00%,26.50%,1.00%,1.79%,90.20%,-6.12%,-,-,12500,-
2019-04-01,18:33:14 ,48.58,4.05%,"779,644",873.26K,3.78B,95.20M,2.06B,3.63,39.92,16.71,7.98,20.88,1.84,1.60,1.60,2.86,3.14%,4.20%,11.79%,55.27,7.60%,29.30%,8.60%,46.40%,11.30%,14.00%,77.88M,58.10M,12.13%,8.07,56.67,-4.84%,52.77%,46.69,1.22,3.00%,26.50%,1.00%,1.79%,90.20%,-6.15%,-,-,12500,-
2019-04-02,18:33:07 ,47.87,-1.46%,"826,595",874.96K,3.73B,95.20M,2.06B,3.58,39.33,16.47,7.87,20.57,1.81,1.60,1.60,2.86,1.44%,2.43%,10.09%,51.95,7.60%,29.30%,8.60%,46.40%,11.30%,14.00%,77.88M,58.10M,12.13%,8.05,56.67,-6.23%,50.53%,48.58,1.22,3.00%,26.50%,1.00%,1.79%,90.20%,-6.15%,-,-,12500,-
2019-04-03,18:32:32 ,47.59,-0.58%,"400,139",874.90K,3.71B,95.20M,2.06B,3.56,39.10,16.37,7.82,20.45,1.80,1.60,1.60,2.86,0.64%,1.68%,9.39%,50.45,7.60%,29.30%,8.60%,46.40%,11.30%,14.00%,77.88M,58.10M,12.13%,8.05,56.67,-6.78%,49.35%,47.87,1.22,3.00%,26.50%,1.00%,1.79%,90.20%,-6.15%,-,-,12500,-
2019-04-04,18:33:24 ,47.92,0.69%,"472,314",867.54K,3.73B,95.20M,2.06B,3.58,39.38,16.48,7.88,20.60,1.82,1.60,1.60,2.86,1.07%,2.21%,10.08%,52.18,7.60%,29.30%,8.60%,46.40%,11.30%,14.00%,77.88M,58.10M,12.13%,8.12,56.67,-6.13%,50.38%,47.59,1.22,3.00%,26.50%,1.00%,1.79%,90.20%,-6.15%,-,-,12500,-
2019-04-05,18:32:03 ,48.61,1.44%,"431,021",857.96K,3.79B,95.20M,2.06B,3.64,39.94,16.72,7.99,20.89,1.84,1.60,1.60,2.86,2.15%,3.48%,11.61%,55.22,7.60%,29.30%,8.60%,46.40%,11.30%,14.00%,77.88M,58.10M,12.13%,8.21,56.67,-4.78%,52.55%,47.92,1.22,3.00%,26.50%,1.00%,1.79%,90.20%,-6.15%,-,-,12500,-
2019-04-08,18:32:30 ,48.19,-0.86%,"504,706",851.18K,3.68B,95.20M,2.06B,3.60,39.60,16.63,7.92,20.30,1.79,1.60,1.60,2.86,0.97%,2.38%,10.57%,53.25,7.60%,29.30%,8.60%,46.40%,11.30%,14.00%,76.33M,58.10M,11.24%,7.67,56.67,-5.60%,51.23%,48.61,1.22,3.00%,26.50%,1.00%,1.83%,90.00%,-0.02%,-,-,12500,-
2019-04-09,18:32:37 ,47.19,-2.08%,"438,040",841.76K,3.60B,95.20M,2.06B,3.53,38.78,16.29,7.76,19.88,1.75,1.60,1.60,2.86,-1.17%,0.09%,8.23%,48.56,7.60%,29.30%,8.60%,46.40%,11.30%,14.00%,76.33M,58.10M,11.24%,7.76,56.67,-7.56%,48.09%,48.19,1.22,3.00%,26.50%,1.00%,1.83%,90.00%,-0.02%,-,-,12500,-
2019-04-10,18:33:49 ,48.32,2.39%,"405,649",823.33K,3.69B,95.20M,2.06B,3.61,39.70,16.68,7.94,20.35,1.79,1.60,1.60,2.86,1.14%,2.37%,10.78%,53.66,7.60%,29.30%,8.60%,46.40%,11.30%,14.00%,76.33M,58.10M,11.24%,7.93,56.67,-5.35%,51.64%,47.19,1.22,3.00%,26.50%,1.00%,1.83%,90.00%,-0.02%,-,-,12500,-
2019-04-11,18:33:02 ,48.97,1.35%,"557,174",811.85K,3.74B,95.20M,2.06B,3.66,40.24,16.90,8.05,20.63,1.82,1.60,1.60,2.86,2.30%,3.56%,12.21%,56.01,7.60%,29.30%,8.60%,46.40%,11.30%,14.00%,76.33M,58.10M,11.24%,8.04,56.67,-4.07%,53.68%,48.32,1.22,3.00%,26.50%,1.00%,1.83%,90.00%,-0.02%,-,-,12500,-
2019-04-12,18:29:17 ,49.62,1.33%,"650,483",803.70K,3.79B,95.20M,2.06B,3.71,40.77,17.13,8.15,20.90,1.84,1.60,1.60,2.86,3.38%,4.76%,13.60%,58.49,7.60%,29.30%,8.60%,46.40%,11.30%,14.00%,76.33M,58.10M,11.24%,8.12,56.67,-2.80%,55.72%,48.97,1.22,3.00%,26.50%,1.00%,1.83%,90.00%,-0.02%,-,-,12500,-
2019-04-15,18:39:12 ,49.23,-0.79%,"640,497",801.27K,3.76B,95.20M,2.06B,3.68,40.45,16.99,8.09,20.74,1.83,1.60,1.60,2.86,2.23%,3.80%,12.61%,56.18,7.60%,29.30%,8.60%,46.40%,11.30%,14.00%,76.33M,58.10M,11.24%,8.15,56.67,-3.57%,54.50%,49.62,1.22,3.00%,26.50%,1.00%,1.83%,90.00%,-0.02%,-,-,12500,-
2019-04-16,18:31:52 ,49.58,0.71%,"636,932",798.51K,3.78B,95.20M,2.06B,3.71,40.74,17.11,8.15,20.89,1.84,1.60,1.60,2.86,2.57%,4.42%,13.28%,57.46,7.60%,29.30%,8.60%,46.40%,11.30%,14.00%,76.33M,58.10M,11.24%,8.18,56.67,-2.88%,55.59%,49.23,1.22,3.00%,26.50%,1.00%,1.83%,90.00%,-0.02%,-,-,12500,-
2019-04-17,18:32:11 ,50.03,0.91%,"643,316",796.28K,3.82B,95.20M,2.06B,3.74,41.11,17.27,8.22,21.07,1.86,1.60,1.60,2.86,3.14%,5.24%,14.19%,59.17,7.60%,29.30%,8.60%,46.40%,11.30%,14.00%,76.33M,58.10M,11.24%,8.20,56.67,-2.00%,57.01%,49.58,1.22,3.00%,26.50%,1.00%,1.83%,90.00%,-0.02%,-,-,12500,-
2019-04-18,18:32:37 ,50.06,0.06%,"874,561",790.94K,3.82B,95.20M,2.06B,3.74,41.13,17.28,8.23,21.09,1.86,1.60,1.60,2.86,3.01%,5.15%,14.11%,59.58,7.60%,29.30%,8.60%,46.40%,11.30%,14.00%,76.33M,58.10M,11.24%,8.25,56.67,-1.94%,57.10%,50.03,1.22,3.00%,26.50%,1.00%,1.83%,90.00%,-0.02%,-,-,12500,-
2019-04-22,18:32:40 ,49.83,-0.46%,"383,305",778.52K,3.86B,95.20M,2.06B,3.75,40.94,17.25,8.19,15.56,1.88,1.40,1.40,4.10,2.54%,4.53%,13.44%,57.92,2.20%,9.50%,5.10%,46.40%,15.10%,4.60%,77.39M,58.10M,12.96%,9.67,56.67,-2.39%,56.38%,50.06,1.22,56.30%,99.50%,1.00%,1.80%,88.90%,-1.29%,-,-,18700,-
2019-04-23,18:32:34 ,50.64,1.63%,"599,926",770.53K,3.92B,95.20M,2.06B,3.81,41.61,17.53,8.32,15.82,1.91,1.40,1.40,4.10,4.18%,6.08%,15.15%,60.80,2.20%,9.50%,5.10%,46.40%,15.10%,4.60%,77.39M,58.10M,12.96%,9.77,56.67,-0.80%,58.92%,49.83,1.22,56.30%,99.50%,1.00%,1.80%,88.90%,-1.29%,-,-,18700,-
2019-04-24,18:29:39 ,50.60,-0.08%,"348,018",768.72K,3.92B,95.20M,2.06B,3.81,41.58,17.52,8.32,15.80,1.90,1.40,1.40,4.10,4.01%,5.79%,14.92%,60.81,2.20%,9.50%,5.10%,46.40%,15.10%,4.60%,77.39M,58.10M,12.96%,9.79,56.67,-0.88%,58.79%,50.64,1.22,56.30%,99.50%,1.00%,1.80%,88.90%,-1.29%,-,-,18700,-
2019-04-25,18:33:20 ,49.87,-1.44%,"488,250",761.91K,3.86B,95.20M,2.06B,3.76,40.98,17.27,8.20,15.57,1.88,1.40,1.40,4.10,2.35%,4.08%,13.14%,55.92,2.20%,9.50%,5.10%,46.40%,15.10%,4.60%,77.39M,58.10M,12.96%,9.88,56.67,-2.31%,56.50%,50.60,1.22,56.30%,99.50%,1.00%,1.80%,88.90%,-1.29%,-,-,18700,-
2019-04-26,18:33:22 ,50.98,2.23%,"337,239",759.34K,3.95B,95.20M,2.06B,3.84,41.89,17.65,8.38,15.92,1.92,1.40,1.40,4.10,4.43%,6.29%,15.57%,61.19,2.20%,9.50%,5.10%,46.40%,15.10%,4.60%,77.39M,58.10M,12.96%,9.92,56.67,-0.14%,59.99%,49.87,1.22,56.30%,99.50%,1.00%,1.80%,88.90%,-1.29%,-,-,18700,-
2019-04-29,18:33:25 ,50.59,-0.77%,"693,527",752.81K,3.83B,95.20M,2.06B,3.81,41.57,17.52,8.31,15.46,1.86,1.40,1.40,4.10,3.21%,5.33%,14.58%,57.82,2.20%,9.50%,5.10%,46.40%,15.10%,4.60%,75.75M,58.10M,11.72%,9.04,56.89,-1.08%,58.76%,50.98,1.22,56.30%,99.50%,1.00%,1.84%,89.10%,-1.14%,-,-,18700,-
2019-04-30,18:32:17 ,49.37,-2.41%,"556,774",754.82K,3.74B,95.20M,2.06B,3.72,40.57,17.09,8.11,15.09,1.82,1.40,1.40,4.10,0.32%,2.66%,11.73%,50.43,2.20%,9.50%,5.10%,46.40%,15.10%,4.60%,75.75M,58.10M,11.72%,9.02,56.89,-4.45%,54.93%,50.59,1.22,56.30%,99.50%,1.00%,1.84%,89.10%,-1.14%,-,-,18700,-
2019-05-01,18:31:41 ,47.83,-3.12%,"689,979",750.93K,3.62B,95.20M,2.06B,3.60,39.30,16.56,7.86,14.62,1.76,1.40,1.40,4.10,-2.89%,-0.61%,8.20%,43.74,2.20%,9.50%,5.10%,46.40%,15.10%,4.60%,75.75M,58.10M,11.72%,9.07,56.89,-7.43%,50.10%,49.37,1.22,56.30%,99.50%,1.00%,1.84%,89.10%,-1.14%,-,-,18700,-
2019-05-02,21:01:03 ,48.34,1.07%,"1,039,572",745.73K,3.66B,95.20M,2.06B,3.64,39.72,16.74,7.94,14.78,1.78,1.40,1.40,4.10,-1.85%,0.45%,9.33%,47.29,2.20%,9.50%,5.10%,46.40%,15.10%,4.60%,75.75M,58.10M,11.72%,9.13,56.89,-6.44%,51.70%,47.83,1.22,56.30%,99.50%,1.00%,1.84%,89.10%,-1.14%,-,-,18700,-
2019-05-03,20:51:20 ,49.65,2.71%,"1,119,329",750.63K,3.76B,95.20M,2.06B,3.74,40.80,17.19,8.16,15.18,1.83,1.40,1.40,4.10,0.73%,3.14%,12.25%,54.57,2.20%,9.50%,5.10%,46.40%,15.10%,4.60%,75.75M,58.10M,11.72%,9.07,56.89,-3.91%,55.81%,48.34,1.22,56.30%,99.50%,1.00%,1.84%,89.10%,-1.14%,-,-,18700,-
2019-05-06,18:31:20 ,48.40,-2.52%,"1,483,653",756.52K,3.67B,95.20M,2.06B,3.64,39.77,16.76,7.95,14.80,1.78,1.40,1.40,4.10,-1.97%,0.44%,9.37%,48.91,2.20%,9.50%,5.10%,46.40%,15.10%,4.60%,75.75M,58.10M,11.72%,9.00,56.89,-6.33%,51.89%,49.65,1.22,56.30%,99.50%,1.00%,1.84%,89.10%,-1.14%,-,-,18700,-
2019-05-07,18:31:12 ,46.45,-4.03%,"863,038",778.73K,3.52B,95.20M,2.06B,3.50,38.17,16.08,7.63,14.20,1.71,1.40,1.40,4.10,-5.90%,-3.59%,4.91%,40.56,2.20%,9.50%,5.10%,46.40%,15.10%,4.60%,75.75M,58.10M,11.72%,8.74,56.89,-10.10%,45.77%,48.40,1.22,56.30%,99.50%,1.00%,1.84%,89.10%,-1.14%,-,-,18700,-
2019-05-08,18:30:47 ,47.26,1.74%,"460,594",781.72K,3.58B,95.20M,2.06B,3.56,38.83,16.36,7.77,14.45,1.74,1.40,1.40,4.10,-4.09%,-1.84%,6.71%,43.41,2.20%,9.50%,5.10%,46.40%,15.10%,4.60%,75.75M,58.10M,11.72%,8.71,56.89,-8.53%,48.31%,46.45,1.22,56.30%,99.50%,1.00%,1.84%,89.10%,-1.14%,-,-,18700,-
2019-05-09,18:31:13 ,47.81,1.16%,"578,028",780.43K,3.62B,95.20M,2.06B,3.60,39.29,16.55,7.86,14.62,1.76,1.40,1.40,4.10,-2.98%,-0.69%,7.92%,46.59,2.20%,9.50%,5.10%,46.40%,15.10%,4.60%,75.75M,58.10M,11.72%,8.72,56.89,-7.47%,50.04%,47.26,1.22,56.30%,99.50%,1.00%,1.84%,89.10%,-1.14%,-,-,18700,-
2019-05-10,18:35:49 ,48.27,0.96%,"509,602",777.18K,3.66B,95.20M,2.06B,3.63,39.66,16.71,7.93,14.76,1.78,1.40,1.40,4.10,-2.00%,0.25%,8.92%,49.01,2.20%,9.50%,5.10%,46.40%,15.10%,4.60%,75.75M,58.10M,11.72%,8.76,56.89,-6.58%,51.48%,47.81,1.22,56.30%,99.50%,1.00%,1.84%,89.10%,-1.14%,-,-,18700,-
2019-05-13,18:57:10 ,46.14,-4.41%,"530,195",772.96K,3.54B,112.60M,2.25B,3.37,32.11,16.93,6.42,15.14,1.57,0.90,1.00,3.78,-6.26%,-4.18%,4.06%,40.95,2.20%,10.90%,5.10%,47.60%,16.90%,5.00%,76.73M,58.13M,11.71%,8.81,56.75,-10.70%,44.80%,48.27,1.44,44.40%,82.10%,1.00%,1.82%,90.10%,0.12%,-,-,18700,-
2019-05-14,18:29:38 ,46.44,0.65%,"479,087",779.99K,3.56B,112.60M,2.25B,3.39,32.32,17.04,6.46,15.24,1.58,0.90,1.00,3.78,-5.31%,-3.48%,4.71%,42.45,2.20%,10.90%,5.10%,47.60%,16.90%,5.00%,76.73M,58.13M,11.71%,8.73,56.75,-10.12%,45.74%,46.14,1.44,44.40%,82.10%,1.00%,0.09%,90.10%,0.12%,-,-,18700,-
2019-05-15,18:28:37 ,48.22,3.83%,"663,562",766.75K,3.70B,112.60M,2.25B,3.52,33.56,17.70,6.71,15.83,1.64,0.90,1.00,3.78,-1.40%,0.23%,8.67%,50.72,2.20%,10.90%,5.10%,47.60%,16.90%,5.00%,76.73M,58.13M,11.71%,8.88,56.75,-6.68%,51.33%,46.44,1.44,44.40%,82.10%,1.00%,0.09%,90.10%,0.12%,-,-,18700,-
2019-05-16,18:29:08 ,48.70,1.00%,"449,055",766.50K,3.74B,112.60M,2.25B,3.55,33.89,17.87,6.78,15.98,1.66,0.90,1.00,3.78,-0.28%,1.13%,9.66%,52.39,2.20%,10.90%,5.10%,47.60%,16.90%,5.00%,76.73M,58.13M,11.71%,8.88,56.75,-5.75%,52.83%,48.22,1.44,44.40%,82.10%,1.00%,0.09%,90.10%,0.12%,-,-,18700,-
2019-05-17,18:28:26 ,48.46,-0.49%,"598,588",761.38K,3.72B,112.60M,2.25B,3.53,33.72,17.78,6.74,15.90,1.65,0.90,1.00,3.78,-0.64%,0.48%,9.04%,50.30,2.20%,10.90%,5.10%,47.60%,16.90%,5.00%,76.73M,58.13M,11.71%,8.94,56.75,-6.21%,52.08%,48.70,1.44,44.40%,82.10%,1.00%,0.09%,90.10%,0.12%,-,-,18700,-
2019-05-20,18:30:25 ,49.08,1.28%,"699,723",758.65K,3.82B,112.60M,2.25B,3.58,34.15,18.08,6.83,16.34,1.70,0.90,1.00,3.78,0.80%,1.60%,10.36%,51.83,2.20%,10.90%,5.10%,47.60%,16.90%,5.00%,77.86M,58.13M,9.56%,7.32,56.75,-5.01%,54.02%,48.46,1.44,44.40%,82.40%,0.90%,0.10%,87.90%,-2.38%,-,-,18700,-
2019-05-21,21:42:35 ,49.02,-0.12%,"512,496",768.32K,3.82B,112.60M,2.25B,3.58,34.11,18.06,6.82,16.32,1.70,0.90,1.00,3.78,0.75%,1.34%,10.13%,51.71,2.20%,10.90%,5.10%,47.60%,16.90%,5.00%,77.86M,58.13M,9.56%,7.23,56.75,-5.13%,53.84%,49.08,1.44,44.40%,82.40%,0.90%,0.10%,87.90%,-2.38%,-,-,18700,-
2019-05-22,21:27:30 ,48.39,-1.29%,"344,242",768.71K,3.77B,112.60M,2.25B,3.53,33.67,17.83,6.73,16.11,1.67,0.90,1.00,3.78,-0.38%,-0.02%,8.62%,48.60,2.20%,10.90%,5.10%,47.60%,16.90%,5.00%,77.86M,58.13M,9.56%,7.23,56.75,-6.35%,51.86%,49.02,1.44,44.40%,82.40%,0.90%,0.10%,87.90%,-2.38%,-,-,18700,-
2019-05-23,21:28:58 ,48.59,0.41%,"486,710",765.89K,3.78B,112.60M,2.25B,3.54,33.81,17.90,6.76,16.18,1.68,0.90,1.00,3.78,0.26%,0.32%,9.01%,49.99,2.20%,10.90%,5.10%,47.60%,16.90%,5.00%,77.86M,58.13M,9.56%,7.25,56.75,-5.96%,52.49%,48.39,1.44,44.40%,82.40%,0.90%,0.10%,87.90%,-2.38%,-,-,18700,-
2019-05-24,19:44:13 ,48.11,-0.99%,"361,861",761.60K,3.75B,112.60M,2.25B,3.51,33.48,17.73,6.70,16.02,1.66,0.90,1.00,3.78,-0.60%,-0.76%,7.86%,48.36,2.20%,10.90%,5.10%,47.60%,16.90%,5.00%,77.86M,58.13M,9.56%,7.30,56.75,-6.89%,50.98%,48.59,1.44,44.40%,82.40%,0.90%,0.10%,87.90%,-2.38%,-,-,18700,-
2019-05-28,18:29:27 ,48.06,-0.10%,"495,695",755.36K,3.76B,112.60M,2.25B,3.51,33.44,17.71,6.69,16.09,1.67,0.90,1.00,3.78,-0.41%,-0.93%,7.69%,48.93,2.20%,10.90%,5.10%,47.60%,16.90%,5.00%,78.25M,58.13M,9.56%,7.36,56.75,-6.99%,50.82%,48.11,1.44,44.40%,82.40%,0.90%,0.10%,87.50%,-2.86%,-,-,18700,-
2019-05-29,18:30:35 ,49.88,3.79%,"874,322",714.09K,3.90B,112.60M,2.25B,3.64,34.71,18.38,6.94,16.69,1.73,0.90,1.00,3.78,3.64%,2.76%,11.70%,58.16,2.20%,10.90%,5.10%,47.60%,16.90%,5.00%,78.25M,58.13M,9.56%,7.78,56.75,-3.46%,56.54%,48.06,1.44,44.40%,82.40%,0.90%,0.10%,87.50%,-2.86%,-,-,18700,-
2019-05-30,18:29:58 ,49.56,-0.64%,"659,062",716.70K,3.88B,112.60M,2.25B,3.61,34.49,18.26,6.90,16.59,1.72,0.90,1.00,3.78,2.92%,1.92%,10.91%,55.28,2.20%,10.90%,5.10%,47.60%,16.90%,5.00%,78.25M,58.13M,9.56%,7.75,56.75,-4.08%,55.53%,49.88,1.44,44.40%,82.40%,0.90%,0.10%,87.50%,-2.86%,-,-,18700,-
2019-05-31,18:27:58 ,49.17,-0.79%,"950,813",715.80K,3.85B,112.60M,2.25B,3.59,34.22,18.12,6.84,16.46,1.71,0.90,1.00,3.78,1.92%,0.98%,9.96%,53.59,2.20%,10.90%,5.10%,47.60%,16.90%,5.00%,78.25M,58.13M,9.56%,7.76,56.75,-4.84%,54.31%,49.56,1.44,44.40%,82.40%,0.90%,0.10%,87.50%,-2.86%,-,-,18700,-
2019-06-03,21:15:21 ,46.05,-6.35%,"955,683",719.47K,3.60B,112.60M,2.25B,3.36,32.05,16.97,6.41,15.41,1.60,0.90,1.00,3.78,-4.62%,-5.47%,2.91%,39.89,2.20%,10.90%,5.10%,47.60%,16.90%,5.00%,78.25M,58.13M,9.56%,7.72,56.75,-10.88%,44.52%,49.17,1.44,44.40%,82.40%,0.90%,0.10%,87.50%,-2.86%,-,-,18700,-
2019-06-04,18:28:16 ,48.15,4.56%,"870,286",722.05K,3.77B,112.60M,2.25B,3.51,33.51,17.74,6.70,16.12,1.67,0.90,1.00,3.78,0.10%,-1.00%,7.58%,49.38,2.20%,10.90%,5.10%,47.60%,16.90%,5.00%,78.25M,58.13M,9.56%,7.70,56.75,-6.81%,51.11%,46.05,1.44,44.40%,82.40%,0.90%,0.10%,87.50%,-2.86%,-,-,18700,-
2019-06-05,18:30:02 ,49.26,2.31%,"554,119",724.53K,3.85B,112.60M,2.25B,3.59,34.28,18.15,6.86,16.49,1.71,0.90,1.00,3.78,2.43%,1.35%,10.03%,53.30,2.20%,10.90%,5.10%,47.60%,16.90%,5.00%,78.25M,58.13M,9.56%,7.67,56.75,-4.66%,54.59%,48.15,1.44,44.40%,82.40%,0.90%,0.00%,87.50%,-2.86%,-,-,18700,-
2019-06-10,18:27:43 ,52.17,0.21%,"796,446",731.73K,3.86B,112.60M,2.25B,3.81,36.30,19.20,7.26,16.53,1.72,0.90,1.00,3.78,7.41%,7.15%,16.37%,63.04,2.20%,10.90%,5.10%,47.60%,16.90%,5.00%,74.08M,58.13M,10.74%,8.53,56.75,-0.61%,63.72%,52.06,1.44,44.40%,82.40%,0.90%,0.00%,87.50%,-3.02%,-,-,18700,-
2019-06-11,18:28:53 ,52.18,0.02%,"423,663",731.28K,3.87B,112.60M,2.25B,3.81,36.31,19.21,7.26,16.53,1.72,0.90,1.00,3.78,7.00%,6.94%,16.33%,62.70,2.20%,10.90%,5.10%,47.60%,16.90%,5.00%,74.08M,58.13M,10.74%,8.54,56.75,-1.94%,63.75%,52.17,1.44,44.40%,82.40%,0.90%,0.00%,87.50%,-3.02%,-,-,18700,-
2019-06-12,18:30:00 ,51.58,-1.15%,"595,690",725.98K,3.82B,112.60M,2.25B,3.76,35.89,18.98,7.18,16.34,1.70,0.90,1.00,3.78,5.12%,5.48%,14.95%,59.20,2.20%,10.90%,5.10%,47.60%,16.90%,5.00%,74.08M,58.13M,10.74%,8.60,56.75,-3.06%,61.87%,52.18,1.44,44.40%,82.40%,0.90%,0.00%,87.50%,-3.02%,-,-,18700,-
2019-06-13,18:27:55 ,52.34,1.47%,"586,737",727.58K,3.88B,112.60M,2.25B,3.82,36.42,19.26,7.28,16.58,1.72,0.90,1.00,3.78,6.12%,6.90%,16.61%,61.98,2.20%,10.90%,5.10%,47.60%,16.90%,5.00%,74.08M,58.13M,10.74%,8.58,56.75,-1.64%,64.26%,51.58,1.44,44.40%,82.40%,0.90%,0.00%,87.50%,-3.02%,-,-,18700,-
2019-06-14,18:28:37 ,51.70,-1.22%,"655,575",726.87K,3.83B,112.60M,2.25B,3.77,35.98,19.03,7.20,16.38,1.70,0.90,1.00,3.78,4.38%,5.40%,15.15%,58.34,2.20%,10.90%,5.10%,47.60%,16.90%,5.00%,74.08M,58.13M,10.74%,8.59,56.75,-2.84%,62.25%,52.34,1.44,44.40%,82.40%,0.90%,0.00%,87.50%,-3.02%,-,-,18700,-
2019-06-17,22:03:44 ,53.18,2.86%,"690,767",727.81K,4.17B,112.60M,2.25B,3.88,37.01,19.57,7.40,17.84,1.85,0.90,1.00,3.78,7.05%,8.23%,18.41%,62.87,2.20%,10.90%,5.10%,47.60%,16.90%,5.00%,78.43M,58.13M,11.47%,9.16,57.33,-0.06%,66.89%,51.70,1.44,44.40%,82.40%,0.90%,0.00%,87.50%,-2.86%,-,-,18700,1.90
2019-06-18,18:28:37 ,53.02,-0.30%,"680,064",723.06K,4.16B,112.60M,2.25B,3.87,36.90,19.51,7.38,17.79,1.85,0.90,1.00,3.78,6.22%,7.68%,17.99%,61.78,2.20%,10.90%,5.10%,47.60%,16.90%,5.00%,78.43M,58.13M,11.47%,9.22,57.33,-0.69%,66.39%,53.18,1.44,44.40%,82.40%,0.90%,0.00%,87.50%,-2.86%,-,-,18700,1.90
